model,train_seconds,parameter_count,mrr,hits@1,hits@3,hits@10
PairRE,2.9346659183502197,7936,0.6447497606277466,0.4626865671641791,0.7711442786069652,0.9875621890547264
DistMult,2.5516817569732666,4416,0.4775780141353607,0.2835820895522388,0.5621890547263682,0.9552238805970149
TransE,2.381178855895996,4416,0.3231737017631531,0.0,0.5497512437810945,0.9825870646766169
