{
  "TransE": [
    1.388187084879194,
    1.308391077177865,
    1.3458942515509469,
    1.3282628399985177,
    1.3404180322374617,
    1.2064390352794103,
    1.1904331275394984,
    1.2607984031949724,
    1.1906914370400565,
    1.2325481687273299,
    1.221099955695016,
    1.200301136289324,
    1.180564216205052,
    1.1283642394202096,
    1.1359392745154244,
    1.0867365939276559,
    1.146209614617484,
    1.0912559032440186,
    1.1095619371959142,
    1.1657299654824393,
    1.0696768079485213,
    1.0547557047435216,
    1.043062116418566,
    1.0352287803377425,
    1.0583998986652918,
    1.0290462630135673,
    1.0392086335590907,
    1.029376975127629,
    0.9610591530799866,
    1.0270477533340454
  ],
  "PairRE": [
    1.0008100611822945,
    0.9982152581214905,
    0.9934904745646885,
    0.9908458335059029,
    0.9868403247424534,
    0.9848233801977975,
    0.9796163524900164,
    0.9792151025363377,
    0.9716780441147941,
    0.9691527826445443,
    0.968618026801518,
    0.9641184040478298,
    0.9610657010759626,
    0.9556340660367694,
    0.9551167913845607,
    0.9523278900555202,
    0.9451749580247062,
    0.9436608382633754,
    0.9385004469326564,
    0.93696642773492,
    0.9345611674445016,
    0.9300667728696551,
    0.9255363174847194,
    0.917911946773529,
    0.9162962010928563,
    0.9157698495047433,
    0.9164532763617379,
    0.906046279839107,
    0.9104404960359845,
    0.9019061582429069
  ],
  "DistMult": [
    1.024758219718933,
    1.024270040648324,
    1.0227874517440796,
    1.0218149423599243,
    1.0215920039585658,
    1.0213894844055176,
    1.0198128053120203,
    1.0192800079073225,
    1.020041057041713,
    1.0180540936333793,
    1.0175106866019112,
    1.016013537134443,
    1.0151161806924003,
    1.0153837203979492,
    1.0141857010977608,
    1.0137860945292883,
    1.0130964517593384,
    1.012952787535531,
    1.0123495204108102,
    1.0113389662333898,
    1.0110547883169991,
    1.0100739683423723,
    1.010270323072161,
    1.0096734080995833,
    1.009376883506775,
    1.008613075528826,
    1.0074454545974731,
    1.0076015847069877,
    1.0072738102504186,
    1.00557279586792
  ]
}