dataset,model,train_seconds,parameter_count,mrr,hits@1,hits@3,hits@10
Nations,PairRE,2.734463930130005,14976,0.6989272236824036,0.5447761194029851,0.8308457711442786,0.9850746268656716
Nations,ConvE,7.118576765060425,94352,0.6876272559165955,0.5422885572139303,0.7736318407960199,0.9850746268656716
Nations,DistMult,2.508326292037964,7936,0.6712058186531067,0.5248756218905473,0.7686567164179104,0.9676616915422885
Nations,TransE,2.5249741077423096,7936,0.3401637375354767,0.0,0.5621890547263682,0.972636815920398
