dataset,model,train_seconds,parameter_count,mrr,hits@1,hits@3,hits@10
Nations,PairRE,3.945039987564087,14976,0.6989272236824036,0.5447761194029851,0.8308457711442786,0.9850746268656716
Nations,ConvE,10.635807037353516,94352,0.6876272559165955,0.5422885572139303,0.7736318407960199,0.9850746268656716
Nations,DistMult,3.7407121658325195,7936,0.6712058186531067,0.5248756218905473,0.7686567164179104,0.9676616915422885
Nations,TransE,3.8068771362304688,7936,0.3401637375354767,0.0,0.5621890547263682,0.972636815920398
