{
  "Nations": {
    "TransE": [
      1.409523105621338,
      1.3053977632522582,
      1.266356806755066,
      1.246619429588318,
      1.192917957305908,
      1.1785975408554077,
      1.1420786595344543,
      1.0763084173202515,
      1.0842351174354554,
      1.0303034496307373,
      1.0374441051483154,
      1.0216885018348694,
      1.0005612587928772,
      0.9936573243141175,
      0.9813387155532837,
      0.9465253567695617,
      0.9148832154273987,
      0.9197920989990235,
      0.893810338973999,
      0.884391987323761,
      0.8594380950927735,
      0.8862605309486389,
      0.8413250589370728,
      0.8449263167381287,
      0.8515515971183777,
      0.838949179649353,
      0.8158339285850524,
      0.8122601795196533,
      0.8243517780303955,
      0.819986708164215
    ],
    "PairRE": [
      1.004499111175537,
      0.9955783748626709,
      0.9882881045341492,
      0.9819141149520874,
      0.9751836943626404,
      0.9689526462554932,
      0.9596908068656922,
      0.9534711027145386,
      0.9458178424835205,
      0.9413905000686645,
      0.9339393854141236,
      0.9236398124694825,
      0.915741012096405,
      0.9091323041915893,
      0.9021673035621643,
      0.8859522485733032,
      0.8868263244628907,
      0.8777541255950928,
      0.8719008016586304,
      0.8610520458221436,
      0.8558310747146607,
      0.8431407380104065,
      0.8415502715110779,
      0.8324654078483582,
      0.8279905462265015,
      0.8280667877197265,
      0.8056352305412292,
      0.8082715463638306,
      0.8052267122268677,
      0.7841766405105591
    ],
    "DistMult": [
      1.0236410760879517,
      1.022589464187622,
      1.0203856992721558,
      1.0189040756225587,
      1.0175602912902832,
      1.0161238956451415,
      1.0144070148468018,
      1.012844409942627,
      1.011157374382019,
      1.010455412864685,
      1.008712978363037,
      1.0073564004898072,
      1.0057381868362427,
      1.0047506856918336,
      1.002489252090454,
      1.0018328380584718,
      0.9997539854049683,
      0.9979254603385925,
      0.9961015272140503,
      0.9944882392883301,
      0.9921580195426941,
      0.9898307657241822,
      0.9894775009155273,
      0.9869421482086181,
      0.9849180674552918,
      0.9822221755981445,
      0.9809931254386902,
      0.9776356935501098,
      0.9766462802886963,
      0.9757087850570678
    ],
    "ConvE": [
      1.1152550255258877,
      0.9871723502874374,
      0.9761660397052765,
      0.9159859443704287,
      0.8870302066206932,
      0.8666016136606535,
      0.8353096966942152,
      0.836142972111702,
      0.800984705487887,
      0.8170150170723597,
      0.8348191653688749,
      0.808770755926768,
      0.8116276736060778,
      0.78108977774779,
      0.7870146110653877,
      0.7812871461113294,
      0.7634901503721873,
      0.7668877393007278,
      0.7666088342666626,
      0.7564947232604027,
      0.7864848574002584,
      0.7560552706321081,
      0.7268591771523157,
      0.7238173161943754,
      0.7497443929314613,
      0.7168884749213854,
      0.7403857385118803,
      0.7087275336186091,
      0.7383340845505396,
      0.7210603530208269
    ]
  }
}