dataset,model,train_seconds,parameter_count,mrr,hits@1,hits@3,hits@10
Kinships,PairRE,19.623658895492554,13056,0.6589817404747009,0.5069832402234636,0.7728119180633147,0.9529795158286778
Kinships,ConvE,143.93455815315247,96362,0.6091495156288147,0.43901303538175046,0.7211359404096834,0.9483240223463687
Kinships,DistMult,17.455602884292603,9856,0.3422565758228302,0.186219739292365,0.3645251396648045,0.755586592178771
Kinships,TransE,12.819918155670166,9856,0.2270108312368393,0.033054003724394786,0.29655493482309125,0.6378026070763501
UMLS,PairRE,16.766467809677124,20416,0.8211615681648254,0.7012102874432677,0.926626323751891,0.9826021180030258
UMLS,TransE,13.790588140487671,14528,0.6644887924194336,0.43267776096822996,0.8812405446293494,0.9750378214826021
UMLS,DistMult,12.879395008087158,14528,0.6106334924697876,0.4735249621785174,0.6928895612708018,0.8350983358547656
UMLS,ConvE,82.97332572937012,101065,0.5535537004470825,0.39939485627836613,0.6422087745839636,0.8517397881996974
